Person_partyId,Person_firstName,Person_lastName
200,Force Man 1,per
201,Force Man 2,per
202,Force Man 3,per
203,ILFS Man 1,per
204,ILFS Man 2,per
205,ILFS Man 3,per
206,Active Life Man1,per
207,Active Life Man 2,per
208,Sahaja Yoga Man 1,per
209,Sahaja Yoga Man 2,per
210,TATA Motors Man 1,per
211,TATA Motors Man 2,per
212,Herbal life man 1,per
213,Waves Restaurant Man 1,per
214,Waves Restaurant Man 2,per
215,More super market man 1,per
216,More super market man 2,per
217,Medplus Man 1,per
218,Medplus Man 2,per
219,Owner B111,per
220,Owner B112,per
221,Owner B113,per
222,Owner B114,per
223,Owner B115,per
224,Owner B116,per
225,Owner B117,per
226,Owner B118,per
227,Owner B121,per
228,Owner B122,per
229,Owner B123,per
230,Owner B124,per
231,Owner B125,per
232,Owner B126,per
233,Owner B127,per
234,Owner B128,per
235,Owner B131,per
236,Owner B132,per
237,Owner B133,per
238,Owner B134,per
239,Owner B135,per
240,Owner B136,per
241,Owner B137,per
242,Owner B138,per
243,Owner B211,per
244,Owner B212,per
245,Owner B213,per
246,Owner B214,per
247,Owner B215,per
248,Owner B216,per
249,Owner B217,per
250,Owner B218,per
251,Owner B221,per
252,Owner B222,per
253,Owner B223,per
254,Owner B224,per
255,Owner B225,per
256,Owner B226,per
257,Owner B227,per
258,Owner B228,per
259,Owner B231,per
260,Owner B232,per
261,Owner B233,per
262,Owner B234,per
263,Owner B235,per
264,Owner B236,per
265,Owner B237,per
266,Owner B238,per
267,Owner B311,per
268,Owner B312,per
269,Owner B313,per
270,Owner B314,per
271,Owner B315,per
272,Owner B316,per
273,Owner B317,per
274,Owner B318,per
275,Owner B321,per
276,Owner B322,per
277,Owner B323,per
278,Owner B324,per
279,Owner B325,per
280,Owner B326,per
281,Owner B327,per
282,Owner B328,per
283,Owner B331,per
284,Owner B332,per
285,Owner B333,per
286,Owner B334,per
287,Owner B335,per
288,Owner B336,per
289,Owner B337,per
290,Owner B338,per
291,Tenent B113,per
292,Tenent B116,per
293,Tenent B118,per
294,Tenent B121,per
295,Tenent B122,per
296,Tenent B125,per
297,Tenent B128,per
298,Tenent B132,per
299,Tenent B133,per
300,Tenent B135,per
301,Tenent B136,per
302,Tenent B137,per
303,Tenent B211,per
304,Tenent B214,per
305,Tenent B216,per
306,Tenent B217,per
307,Tenent B218,per
308,Tenent B223,per
309,Tenent B226,per
310,Tenent B228,per
311,Tenent B233,per
312,Tenent B235,per
313,Tenent B236,per
314,Tenent B238,per
315,Tenent B311,per
316,Tenent B314,per
317,Tenent B317,per
318,Tenent B321,per
319,Tenent B322,per
320,Tenent B323,per
321,Tenent B326,per
322,Tenent B333,per
323,Tenent B335,per
324,Tenent B336,per
325,Tenent B338,per
